13/06/2022 09:00,Longridge,John Cole,"Regular Speciality Tea - Earl Grey - 1.30, Regular Flavoured iced latte - Caramel - 2.75",4.05,CARD,2472102262090735
13/06/2022 09:01,Longridge,Laura Williamson,"Large Speciality Tea - Earl Grey - 1.60, Large Glass of milk - 1.10, Large Speciality Tea - Earl Grey - 1.60",4.3,CASH,
13/06/2022 09:02,Longridge,James Lonergan,"Regular Flavoured iced latte - Caramel - 2.75, Large Smoothies - Glowing Greens - 2.50",5.25,CASH,
13/06/2022 09:03,Longridge,Dennis Williams,Large Mocha - 2.70,2.7,CASH,
13/06/2022 09:04,Longridge,Bryon Chamberlin,"Large Mocha - 2.70, Large Frappes - Strawberries & Cream - 3.25",5.95,CARD,9359172802872067
13/06/2022 09:05,Longridge,Lucille Rogers,"Large Flavoured iced latte - Caramel - 3.25, Regular Flavoured iced latte - Caramel - 2.75, Regular Frappes - Strawberries & Cream - 2.75",8.75,CARD,1648970048807035
13/06/2022 09:06,Longridge,Daniele Bolton,Large Speciality Tea - Earl Grey - 1.60,1.6,CARD,4259237997652005
13/06/2022 09:07,Longridge,Dallas Corns,Regular Flavoured iced latte - Caramel - 2.75,2.75,CARD,1627884525574461
13/06/2022 09:08,Longridge,Charles Garretson,"Large Frappes - Strawberries & Cream - 3.25, Large Flavoured iced latte - Caramel - 3.25",6.5,CASH,
13/06/2022 09:09,Longridge,Maria Smart,"Large Frappes - Strawberries & Cream - 3.25, Regular Flavoured iced latte - Caramel - 2.75, Large Glass of milk - 1.10, Large Frappes - Strawberries & Cream - 3.25, Regular Mocha - 2.30, Large Flavoured iced latte - Caramel - 3.25",15.9,CARD,6982150448049523
13/06/2022 09:10,Longridge,Brian Haney,"Regular Speciality Tea - Earl Grey - 1.30, Large Frappes - Strawberries & Cream - 3.25, Regular Smoothies - Glowing Greens - 2.00, Large Frappes - Strawberries & Cream - 3.25",9.8,CARD,7372091774545312
13/06/2022 09:11,Longridge,Raymond Markowitz,Large Smoothies - Glowing Greens - 2.50,2.5,CARD,6421534951601080
13/06/2022 09:13,Longridge,James Taylor,"Regular Smoothies - Glowing Greens - 2.00, Regular Frappes - Strawberries & Cream - 2.75",4.75,CASH,
13/06/2022 09:14,Longridge,James Harrison,"Large Frappes - Strawberries & Cream - 3.25, Large Flavoured iced latte - Caramel - 3.25, Large Flavoured iced latte - Caramel - 3.25, Large Frappes - Strawberries & Cream - 3.25",13.0,CARD,6697584937899463
13/06/2022 09:15,Longridge,Kim Jacobs,"Large Flavoured iced latte - Caramel - 3.25, Large Mocha - 2.70",5.95,CASH,
13/06/2022 09:16,Longridge,Thomas Davis,"Large Speciality Tea - Earl Grey - 1.60, Regular Flavoured iced latte - Caramel - 2.75, Large Flavoured iced latte - Caramel - 3.25, Large Flavoured iced latte - Caramel - 3.25",10.85,CARD,6917618095082475
13/06/2022 09:17,Longridge,Ashley Arnold,"Large Mocha - 2.70, Large Speciality Tea - Earl Grey - 1.60, Large Mocha - 2.70, Large Speciality Tea - Earl Grey - 1.60, Regular Glass of milk - 0.70",9.3,CARD,1939791281027719
13/06/2022 09:18,Longridge,Steven Cogliano,"Large Flavoured iced latte - Caramel - 3.25, Large Smoothies - Glowing Greens - 2.50, Regular Mocha - 2.30, Large Frappes - Strawberries & Cream - 3.25, Large Frappes - Strawberries & Cream - 3.25",14.55,CASH,
13/06/2022 09:19,Longridge,Matthew Guinn,"Large Glass of milk - 1.10, Large Flavoured iced latte - Caramel - 3.25, Regular Glass of milk - 0.70, Large Mocha - 2.70",7.75,CASH,
13/06/2022 09:20,Longridge,Felipe Faiella,"Large Glass of milk - 1.10, Regular Smoothies - Glowing Greens - 2.00",3.1,CARD,1394090924445727
13/06/2022 09:21,Longridge,Sandra Mair,"Regular Speciality Tea - Earl Grey - 1.30, Regular Frappes - Strawberries & Cream - 2.75, Large Frappes - Strawberries & Cream - 3.25",7.3,CARD,5447443368690436
13/06/2022 09:22,Longridge,Edith Johnson,"Large Frappes - Strawberries & Cream - 3.25, Regular Smoothies - Glowing Greens - 2.00",5.25,CARD,5105328366036450
13/06/2022 09:23,Longridge,Andrew Denise,"Regular Flavoured iced latte - Caramel - 2.75, Regular Mocha - 2.30, Large Glass of milk - 1.10",6.15,CASH,
13/06/2022 09:24,Longridge,Doretha Masterson,Large Frappes - Strawberries & Cream - 3.25,3.25,CARD,5906314911087665
13/06/2022 09:26,Longridge,Sylvia Page,"Large Speciality Tea - Earl Grey - 1.60, Large Flavoured iced latte - Caramel - 3.25, Regular Mocha - 2.30, Regular Frappes - Strawberries & Cream - 2.75",9.9,CARD,9442747872000932
13/06/2022 09:27,Longridge,Frank Cameron,"Large Frappes - Strawberries & Cream - 3.25, Regular Frappes - Strawberries & Cream - 2.75, Regular Smoothies - Glowing Greens - 2.00, Regular Speciality Tea - Earl Grey - 1.30, Regular Smoothies - Glowing Greens - 2.00",11.3,CARD,6102295469337959
13/06/2022 09:28,Longridge,Tasha Meadows,Regular Glass of milk - 0.70,0.7,CARD,6780352514034615
13/06/2022 09:29,Longridge,Jennifer Lyle,"Regular Flavoured iced latte - Caramel - 2.75, Regular Glass of milk - 0.70",3.45,CARD,6572196994158014
13/06/2022 09:30,Longridge,Pat Willis,"Regular Flavoured iced latte - Caramel - 2.75, Regular Frappes - Strawberries & Cream - 2.75, Large Smoothies - Glowing Greens - 2.50, Large Mocha - 2.70, Large Smoothies - Glowing Greens - 2.50, Large Smoothies - Glowing Greens - 2.50",15.7,CASH,
13/06/2022 09:31,Longridge,Clifford Mcghee,Regular Flavoured iced latte - Caramel - 2.75,2.75,CARD,8832956426460881
13/06/2022 09:32,Longridge,Tammy Kodadek,"Large Frappes - Strawberries & Cream - 3.25, Large Frappes - Strawberries & Cream - 3.25",6.5,CARD,5389943456142509
13/06/2022 09:33,Longridge,Cecil Wolfe,"Large Smoothies - Glowing Greens - 2.50, Large Smoothies - Glowing Greens - 2.50, Regular Mocha - 2.30, Regular Flavoured iced latte - Caramel - 2.75",10.05,CARD,9809667046906594
13/06/2022 09:34,Longridge,Matthew Kates,"Large Mocha - 2.70, Regular Speciality Tea - Earl Grey - 1.30, Large Glass of milk - 1.10, Large Speciality Tea - Earl Grey - 1.60",6.7,CASH,
13/06/2022 09:35,Longridge,Angela Phillies,"Regular Smoothies - Glowing Greens - 2.00, Large Glass of milk - 1.10, Large Frappes - Strawberries & Cream - 3.25, Regular Mocha - 2.30",8.65,CARD,3221815491797292
13/06/2022 09:36,Longridge,David Funk,"Regular Mocha - 2.30, Regular Flavoured iced latte - Caramel - 2.75, Large Speciality Tea - Earl Grey - 1.60, Large Smoothies - Glowing Greens - 2.50",9.15,CARD,8902697779303180
13/06/2022 09:37,Longridge,Herbert Ford,"Regular Frappes - Strawberries & Cream - 2.75, Large Smoothies - Glowing Greens - 2.50, Large Flavoured iced latte - Caramel - 3.25",8.5,CARD,4078281720199672
13/06/2022 09:39,Longridge,Brian Hall,"Regular Smoothies - Glowing Greens - 2.00, Large Speciality Tea - Earl Grey - 1.60",3.6,CARD,3258604755008682
13/06/2022 09:40,Longridge,Daniel Esquibel,"Regular Glass of milk - 0.70, Regular Smoothies - Glowing Greens - 2.00",2.7,CARD,6171521856809238
13/06/2022 09:41,Longridge,Daniel Williams,Large Smoothies - Glowing Greens - 2.50,2.5,CARD,5023615268576965
13/06/2022 09:42,Longridge,Timothy Dunn,"Regular Frappes - Strawberries & Cream - 2.75, Regular Speciality Tea - Earl Grey - 1.30, Regular Glass of milk - 0.70, Regular Glass of milk - 0.70",5.45,CASH,
13/06/2022 09:43,Longridge,William Wheat,"Large Mocha - 2.70, Large Flavoured iced latte - Caramel - 3.25",5.95,CARD,1775445708616409
13/06/2022 09:44,Longridge,Margaret Jackson,"Large Glass of milk - 1.10, Regular Glass of milk - 0.70, Regular Smoothies - Glowing Greens - 2.00",3.8,CARD,4214555153796457
13/06/2022 09:45,Longridge,Ginger Walker,"Regular Frappes - Strawberries & Cream - 2.75, Large Frappes - Strawberries & Cream - 3.25, Large Mocha - 2.70, Regular Frappes - Strawberries & Cream - 2.75, Regular Glass of milk - 0.70",12.15,CARD,9158658814165025
13/06/2022 09:46,Longridge,Mark Garrett,Regular Mocha - 2.30,2.3,CARD,6284734164603765
13/06/2022 09:47,Longridge,Eric Craven,"Regular Glass of milk - 0.70, Regular Frappes - Strawberries & Cream - 2.75, Regular Frappes - Strawberries & Cream - 2.75",6.2,CARD,3177704573836283
13/06/2022 09:48,Longridge,Anna Brewer,"Regular Speciality Tea - Earl Grey - 1.30, Regular Frappes - Strawberries & Cream - 2.75, Large Glass of milk - 1.10",5.15,CARD,7809788758147024
13/06/2022 09:49,Longridge,David Johnson,"Large Mocha - 2.70, Regular Glass of milk - 0.70",3.4,CARD,9677016331680027
13/06/2022 09:50,Longridge,Paul Powers,"Regular Frappes - Strawberries & Cream - 2.75, Regular Mocha - 2.30, Large Frappes - Strawberries & Cream - 3.25, Large Speciality Tea - Earl Grey - 1.60",9.9,CARD,2203247928266165
13/06/2022 09:52,Longridge,Nicholas Shake,"Large Smoothies - Glowing Greens - 2.50, Large Mocha - 2.70",5.2,CASH,
13/06/2022 09:53,Longridge,Rose Pair,"Regular Speciality Tea - Earl Grey - 1.30, Regular Speciality Tea - Earl Grey - 1.30",2.6,CASH,
13/06/2022 09:54,Longridge,Thomas King,"Regular Mocha - 2.30, Large Smoothies - Glowing Greens - 2.50, Regular Flavoured iced latte - Caramel - 2.75",7.55,CARD,9255650392336001
13/06/2022 09:55,Longridge,Gordon Bass,"Large Mocha - 2.70, Large Smoothies - Glowing Greens - 2.50, Large Frappes - Strawberries & Cream - 3.25",8.45,CASH,
13/06/2022 09:56,Longridge,Lynn Aponte,"Large Glass of milk - 1.10, Large Flavoured iced latte - Caramel - 3.25, Regular Glass of milk - 0.70",5.05,CARD,6173140019095900
13/06/2022 09:57,Longridge,Barbara Snell,"Large Flavoured iced latte - Caramel - 3.25, Regular Flavoured iced latte - Caramel - 2.75, Regular Mocha - 2.30, Large Mocha - 2.70",11.0,CARD,4388146159405055
13/06/2022 09:58,Longridge,Jackie Meads,"Large Smoothies - Glowing Greens - 2.50, Regular Frappes - Strawberries & Cream - 2.75, Large Glass of milk - 1.10",6.35,CASH,
13/06/2022 09:59,Longridge,William Natividad,"Regular Smoothies - Glowing Greens - 2.00, Regular Speciality Tea - Earl Grey - 1.30, Large Frappes - Strawberries & Cream - 3.25, Regular Speciality Tea - Earl Grey - 1.30, Large Flavoured iced latte - Caramel - 3.25, Large Flavoured iced latte - Caramel - 3.25",14.35,CARD,4343910318461581
13/06/2022 10:00,Longridge,Brian Hall,"Large Frappes - Strawberries & Cream - 3.25, Regular Frappes - Strawberries & Cream - 2.75, Regular Frappes - Strawberries & Cream - 2.75, Regular Glass of milk - 0.70, Large Mocha - 2.70",12.15,CARD,6145800702076770
13/06/2022 10:03,Longridge,Debra Black,"Large Smoothies - Glowing Greens - 2.50, Large Glass of milk - 1.10, Regular Speciality Tea - Earl Grey - 1.30",4.9,CASH,
13/06/2022 10:06,Longridge,Tracy Grantham,Regular Flavoured iced latte - Caramel - 2.75,2.75,CASH,
13/06/2022 10:10,Longridge,John Klein,"Large Mocha - 2.70, Large Glass of milk - 1.10, Regular Frappes - Strawberries & Cream - 2.75, Large Smoothies - Glowing Greens - 2.50",9.05,CASH,
13/06/2022 10:13,Longridge,Brady Deleo,"Large Glass of milk - 1.10, Large Smoothies - Glowing Greens - 2.50, Large Frappes - Strawberries & Cream - 3.25, Large Flavoured iced latte - Caramel - 3.25, Large Flavoured iced latte - Caramel - 3.25",13.35,CARD,4555061204483666
13/06/2022 10:16,Longridge,Tawana Warr,"Regular Flavoured iced latte - Caramel - 2.75, Large Glass of milk - 1.10",3.85,CASH,
13/06/2022 10:19,Longridge,Marion Sauvageau,"Large Speciality Tea - Earl Grey - 1.60, Regular Flavoured iced latte - Caramel - 2.75",4.35,CASH,
13/06/2022 10:22,Longridge,William Herrin,"Large Glass of milk - 1.10, Regular Mocha - 2.30",3.4,CARD,7582087115782147
13/06/2022 10:25,Longridge,John Cooper,"Large Smoothies - Glowing Greens - 2.50, Large Smoothies - Glowing Greens - 2.50, Large Smoothies - Glowing Greens - 2.50",7.5,CARD,4090452120882698
13/06/2022 10:29,Longridge,Ryan Pina,"Regular Smoothies - Glowing Greens - 2.00, Large Speciality Tea - Earl Grey - 1.60",3.6,CASH,
13/06/2022 10:32,Longridge,Jerry Moser,"Large Glass of milk - 1.10, Regular Smoothies - Glowing Greens - 2.00",3.1,CARD,5430730210113409
13/06/2022 10:35,Longridge,Carolyn Conger,"Regular Speciality Tea - Earl Grey - 1.30, Large Mocha - 2.70, Regular Mocha - 2.30, Large Frappes - Strawberries & Cream - 3.25, Large Mocha - 2.70, Regular Mocha - 2.30",14.55,CARD,7592577893936575
13/06/2022 10:38,Longridge,Naomi Mcauley,"Regular Glass of milk - 0.70, Regular Glass of milk - 0.70, Large Smoothies - Glowing Greens - 2.50, Regular Frappes - Strawberries & Cream - 2.75, Large Speciality Tea - Earl Grey - 1.60",8.25,CASH,
13/06/2022 10:41,Longridge,Ann Graves,"Regular Flavoured iced latte - Caramel - 2.75, Regular Speciality Tea - Earl Grey - 1.30",4.05,CARD,7834890082775233
13/06/2022 10:44,Longridge,Karol Morrow,"Large Flavoured iced latte - Caramel - 3.25, Regular Glass of milk - 0.70, Large Flavoured iced latte - Caramel - 3.25, Regular Speciality Tea - Earl Grey - 1.30, Regular Flavoured iced latte - Caramel - 2.75, Regular Mocha - 2.30",13.55,CARD,5654995514442154
13/06/2022 10:47,Longridge,Melissa Fuller,"Large Flavoured iced latte - Caramel - 3.25, Large Mocha - 2.70, Large Speciality Tea - Earl Grey - 1.60, Large Flavoured iced latte - Caramel - 3.25, Large Mocha - 2.70, Large Frappes - Strawberries & Cream - 3.25",16.75,CARD,9364829404739845
13/06/2022 10:51,Longridge,Sean Mariani,"Regular Frappes - Strawberries & Cream - 2.75, Regular Flavoured iced latte - Caramel - 2.75",5.5,CARD,4432334559606070
13/06/2022 10:54,Longridge,Jackie Turner,"Regular Glass of milk - 0.70, Regular Flavoured iced latte - Caramel - 2.75, Regular Speciality Tea - Earl Grey - 1.30, Large Flavoured iced latte - Caramel - 3.25, Regular Flavoured iced latte - Caramel - 2.75",10.75,CARD,1586329699341741
13/06/2022 10:57,Longridge,Tim Gulley,"Large Frappes - Strawberries & Cream - 3.25, Large Frappes - Strawberries & Cream - 3.25",6.5,CARD,7972792661635374
13/06/2022 11:00,Longridge,Lisa Conroy,"Large Smoothies - Glowing Greens - 2.50, Regular Glass of milk - 0.70, Large Flavoured iced latte - Caramel - 3.25, Large Frappes - Strawberries & Cream - 3.25",9.7,CARD,8544386475677426
13/06/2022 11:08,Longridge,Katherine Mueller,"Large Smoothies - Glowing Greens - 2.50, Large Speciality Tea - Earl Grey - 1.60",4.1,CASH,
13/06/2022 11:15,Longridge,Antonio Rowell,"Large Mocha - 2.70, Large Glass of milk - 1.10, Large Smoothies - Glowing Greens - 2.50",6.3,CARD,8313723388555792
13/06/2022 11:23,Longridge,Judy Campbell,"Regular Frappes - Strawberries & Cream - 2.75, Regular Mocha - 2.30",5.05,CARD,4560400197827993
13/06/2022 11:30,Longridge,Gladys Chung,Regular Speciality Tea - Earl Grey - 1.30,1.3,CARD,9559361525130013
13/06/2022 11:38,Longridge,Jessi Sears,"Large Mocha - 2.70, Large Glass of milk - 1.10",3.8,CASH,
13/06/2022 11:45,Longridge,William Enyart,"Regular Mocha - 2.30, Large Flavoured iced latte - Caramel - 3.25",5.55,CARD,5213814908765866
13/06/2022 11:53,Longridge,Gail Lartigue,"Regular Frappes - Strawberries & Cream - 2.75, Large Frappes - Strawberries & Cream - 3.25, Large Glass of milk - 1.10",7.1,CASH,
13/06/2022 12:00,Longridge,Tara Valerio,Large Flavoured iced latte - Caramel - 3.25,3.25,CARD,5531773638733750
13/06/2022 12:06,Longridge,Mary Emery,"Large Frappes - Strawberries & Cream - 3.25, Large Smoothies - Glowing Greens - 2.50, Large Speciality Tea - Earl Grey - 1.60",7.35,CASH,
13/06/2022 12:12,Longridge,Floy Carnes,"Regular Speciality Tea - Earl Grey - 1.30, Large Mocha - 2.70",4.0,CARD,7132379135252919
13/06/2022 12:18,Longridge,Jimmy Marshall,Large Glass of milk - 1.10,1.1,CASH,
13/06/2022 12:24,Longridge,Kathleen Mcgee,"Large Speciality Tea - Earl Grey - 1.60, Regular Speciality Tea - Earl Grey - 1.30, Regular Mocha - 2.30",5.2,CASH,
13/06/2022 12:30,Longridge,Kimberly Erbst,"Large Speciality Tea - Earl Grey - 1.60, Large Flavoured iced latte - Caramel - 3.25",4.85,CASH,
13/06/2022 12:36,Longridge,Willis Herrera,Large Smoothies - Glowing Greens - 2.50,2.5,CARD,1207414669120416
13/06/2022 12:42,Longridge,Jason Garcia,"Regular Smoothies - Glowing Greens - 2.00, Large Speciality Tea - Earl Grey - 1.60, Regular Speciality Tea - Earl Grey - 1.30, Large Speciality Tea - Earl Grey - 1.60",6.5,CARD,5288706638015850
13/06/2022 12:48,Longridge,Randy Musgrove,"Regular Smoothies - Glowing Greens - 2.00, Regular Glass of milk - 0.70",2.7,CARD,9547902069708790
13/06/2022 12:54,Longridge,Sandra Knudsen,"Regular Frappes - Strawberries & Cream - 2.75, Regular Frappes - Strawberries & Cream - 2.75, Large Glass of milk - 1.10, Regular Frappes - Strawberries & Cream - 2.75",9.35,CARD,9359807292846072
13/06/2022 13:00,Longridge,Brenda Payne,"Large Speciality Tea - Earl Grey - 1.60, Large Mocha - 2.70",4.3,CARD,2961587634165491
13/06/2022 13:01,Longridge,Ethel Desmith,"Regular Smoothies - Glowing Greens - 2.00, Regular Glass of milk - 0.70",2.7,CARD,8123989112414346
13/06/2022 13:02,Longridge,Casey Griffith,"Large Glass of milk - 1.10, Regular Speciality Tea - Earl Grey - 1.30",2.4,CARD,5425234067061891
13/06/2022 13:03,Longridge,Brian Shearing,"Large Smoothies - Glowing Greens - 2.50, Regular Frappes - Strawberries & Cream - 2.75, Regular Mocha - 2.30, Regular Speciality Tea - Earl Grey - 1.30",8.85,CASH,
13/06/2022 13:04,Longridge,Gary Myers,"Large Mocha - 2.70, Regular Flavoured iced latte - Caramel - 2.75, Large Glass of milk - 1.10, Regular Mocha - 2.30, Regular Glass of milk - 0.70, Large Smoothies - Glowing Greens - 2.50",12.05,CARD,8241272731229429
13/06/2022 13:05,Longridge,Henry Woltz,"Regular Flavoured iced latte - Caramel - 2.75, Large Frappes - Strawberries & Cream - 3.25",6.0,CASH,
13/06/2022 13:06,Longridge,Darleen Underwood,"Regular Speciality Tea - Earl Grey - 1.30, Large Mocha - 2.70, Regular Smoothies - Glowing Greens - 2.00, Large Glass of milk - 1.10, Large Mocha - 2.70, Regular Frappes - Strawberries & Cream - 2.75",12.55,CARD,9641921339510372
13/06/2022 13:07,Longridge,Bryan Simms,"Regular Mocha - 2.30, Regular Frappes - Strawberries & Cream - 2.75, Large Glass of milk - 1.10, Large Speciality Tea - Earl Grey - 1.60, Regular Frappes - Strawberries & Cream - 2.75",10.5,CASH,
13/06/2022 13:08,Longridge,Amber Hoover,"Regular Smoothies - Glowing Greens - 2.00, Regular Flavoured iced latte - Caramel - 2.75, Large Flavoured iced latte - Caramel - 3.25, Large Flavoured iced latte - Caramel - 3.25",11.25,CARD,1850815575104253
13/06/2022 13:09,Longridge,Norma Ruby,Large Speciality Tea - Earl Grey - 1.60,1.6,CASH,
13/06/2022 13:10,Longridge,Alexandra Brooks,"Regular Glass of milk - 0.70, Large Frappes - Strawberries & Cream - 3.25",3.95,CARD,1290117930295805
13/06/2022 13:10,Longridge,Kirstie Kercheval,"Regular Flavoured iced latte - Caramel - 2.75, Large Glass of milk - 1.10, Regular Frappes - Strawberries & Cream - 2.75, Large Smoothies - Glowing Greens - 2.50, Large Speciality Tea - Earl Grey - 1.60, Large Smoothies - Glowing Greens - 2.50",13.2,CASH,
13/06/2022 13:11,Longridge,Iris Fletcher,"Large Flavoured iced latte - Caramel - 3.25, Regular Mocha - 2.30, Large Flavoured iced latte - Caramel - 3.25, Large Frappes - Strawberries & Cream - 3.25",12.05,CARD,3561331159869962
13/06/2022 13:12,Longridge,Ernestine Gillis,"Large Smoothies - Glowing Greens - 2.50, Regular Speciality Tea - Earl Grey - 1.30, Large Flavoured iced latte - Caramel - 3.25",7.05,CARD,9256065726049971
13/06/2022 13:13,Longridge,Melanie Hammonds,"Regular Flavoured iced latte - Caramel - 2.75, Large Frappes - Strawberries & Cream - 3.25, Regular Smoothies - Glowing Greens - 2.00",8.0,CARD,7139463395571733
13/06/2022 13:14,Longridge,Barbara Sommers,"Large Glass of milk - 1.10, Regular Smoothies - Glowing Greens - 2.00, Large Speciality Tea - Earl Grey - 1.60, Large Flavoured iced latte - Caramel - 3.25",7.95,CASH,
13/06/2022 13:15,Longridge,Mabel Rowe,"Regular Frappes - Strawberries & Cream - 2.75, Large Smoothies - Glowing Greens - 2.50",5.25,CASH,
13/06/2022 13:16,Longridge,Jay Morris,"Large Glass of milk - 1.10, Large Glass of milk - 1.10",2.2,CARD,6749850853286278
13/06/2022 13:17,Longridge,John Bailey,"Large Speciality Tea - Earl Grey - 1.60, Large Mocha - 2.70, Large Glass of milk - 1.10, Regular Smoothies - Glowing Greens - 2.00, Large Mocha - 2.70",10.1,CARD,7619979086879030
13/06/2022 13:18,Longridge,Jack Hopkins,"Regular Frappes - Strawberries & Cream - 2.75, Large Frappes - Strawberries & Cream - 3.25",6.0,CARD,1383080407296154
13/06/2022 13:19,Longridge,James Beal,"Regular Mocha - 2.30, Regular Mocha - 2.30, Large Mocha - 2.70, Regular Glass of milk - 0.70, Regular Mocha - 2.30, Large Frappes - Strawberries & Cream - 3.25",13.55,CARD,9258367768039678
13/06/2022 13:20,Longridge,Karen Gandolfi,"Large Glass of milk - 1.10, Regular Flavoured iced latte - Caramel - 2.75, Large Mocha - 2.70",6.55,CARD,8279446782603194
13/06/2022 13:21,Longridge,Jennifer Digennaro,"Regular Frappes - Strawberries & Cream - 2.75, Large Smoothies - Glowing Greens - 2.50, Large Flavoured iced latte - Caramel - 3.25",8.5,CARD,5412950670552427
13/06/2022 13:22,Longridge,Shirley Ficklin,"Regular Mocha - 2.30, Regular Smoothies - Glowing Greens - 2.00",4.3,CARD,7363630249255057
13/06/2022 13:23,Longridge,Thomas Weeks,"Large Frappes - Strawberries & Cream - 3.25, Large Glass of milk - 1.10, Large Mocha - 2.70, Large Speciality Tea - Earl Grey - 1.60, Large Flavoured iced latte - Caramel - 3.25",11.9,CARD,7375130248938867
13/06/2022 13:24,Longridge,Theodore Ballintyn,"Large Glass of milk - 1.10, Regular Smoothies - Glowing Greens - 2.00, Large Mocha - 2.70, Large Glass of milk - 1.10, Large Mocha - 2.70, Large Flavoured iced latte - Caramel - 3.25",12.85,CASH,
13/06/2022 13:25,Longridge,Robert Dan,"Large Flavoured iced latte - Caramel - 3.25, Large Speciality Tea - Earl Grey - 1.60, Large Frappes - Strawberries & Cream - 3.25",8.1,CARD,6378364786153088
13/06/2022 13:26,Longridge,Nikita Banks,"Large Frappes - Strawberries & Cream - 3.25, Regular Glass of milk - 0.70, Large Smoothies - Glowing Greens - 2.50",6.45,CARD,5425431207558462
13/06/2022 13:27,Longridge,Elba Post,"Large Glass of milk - 1.10, Regular Frappes - Strawberries & Cream - 2.75, Regular Mocha - 2.30, Regular Frappes - Strawberries & Cream - 2.75, Large Frappes - Strawberries & Cream - 3.25, Regular Mocha - 2.30",14.45,CARD,9996943080742461
13/06/2022 13:28,Longridge,Gaynelle Dinsmoor,"Regular Speciality Tea - Earl Grey - 1.30, Large Smoothies - Glowing Greens - 2.50",3.8,CARD,5358800509856260
13/06/2022 13:29,Longridge,Kim Pina,"Large Flavoured iced latte - Caramel - 3.25, Large Mocha - 2.70",5.95,CARD,3571188729789956
13/06/2022 13:29,Longridge,Ralph Byron,"Large Smoothies - Glowing Greens - 2.50, Large Frappes - Strawberries & Cream - 3.25",5.75,CARD,9679079563278663
13/06/2022 13:30,Longridge,Michael Fisher,"Regular Mocha - 2.30, Regular Mocha - 2.30, Large Frappes - Strawberries & Cream - 3.25",7.85,CARD,2412792662639344
13/06/2022 13:31,Longridge,Linda Nobel,"Large Flavoured iced latte - Caramel - 3.25, Regular Mocha - 2.30, Regular Mocha - 2.30",7.85,CASH,
13/06/2022 13:32,Longridge,Reinaldo Browning,"Large Speciality Tea - Earl Grey - 1.60, Regular Mocha - 2.30, Regular Frappes - Strawberries & Cream - 2.75",6.65,CARD,8433975822104189
13/06/2022 13:33,Longridge,Jesus Haywood,Regular Flavoured iced latte - Caramel - 2.75,2.75,CARD,5382104509188142
13/06/2022 13:34,Longridge,Kathie Fly,"Regular Flavoured iced latte - Caramel - 2.75, Large Mocha - 2.70",5.45,CARD,1739233628718154
13/06/2022 13:35,Longridge,Jon Stewart,Large Flavoured iced latte - Caramel - 3.25,3.25,CASH,
13/06/2022 13:36,Longridge,Linda Puckett,"Large Frappes - Strawberries & Cream - 3.25, Large Mocha - 2.70, Large Frappes - Strawberries & Cream - 3.25",9.2,CASH,
13/06/2022 13:37,Longridge,Mary Fontenette,"Large Frappes - Strawberries & Cream - 3.25, Large Speciality Tea - Earl Grey - 1.60, Large Flavoured iced latte - Caramel - 3.25",8.1,CARD,9153667178523362
13/06/2022 13:38,Longridge,Roger Aline,Large Flavoured iced latte - Caramel - 3.25,3.25,CARD,2923577515367903
13/06/2022 13:39,Longridge,Dan Gonsalves,"Large Flavoured iced latte - Caramel - 3.25, Large Mocha - 2.70, Regular Smoothies - Glowing Greens - 2.00, Large Frappes - Strawberries & Cream - 3.25, Large Speciality Tea - Earl Grey - 1.60, Large Glass of milk - 1.10",13.9,CARD,6034771470757204
13/06/2022 13:40,Longridge,Erna Hannan,Regular Glass of milk - 0.70,0.7,CARD,9970187458522588
13/06/2022 13:41,Longridge,Robert Robinson,"Regular Smoothies - Glowing Greens - 2.00, Regular Frappes - Strawberries & Cream - 2.75, Regular Mocha - 2.30, Regular Mocha - 2.30, Regular Glass of milk - 0.70",10.05,CARD,9723179832909682
13/06/2022 13:42,Longridge,Ruby Asbury,"Regular Mocha - 2.30, Regular Speciality Tea - Earl Grey - 1.30, Large Mocha - 2.70",6.3,CARD,1052498454587580
13/06/2022 13:43,Longridge,Randolph Bursey,"Large Frappes - Strawberries & Cream - 3.25, Large Frappes - Strawberries & Cream - 3.25, Regular Flavoured iced latte - Caramel - 2.75",9.25,CARD,1287440703963240
13/06/2022 13:44,Longridge,William Wise,Regular Mocha - 2.30,2.3,CARD,1349098646290841
13/06/2022 13:45,Longridge,Mary Tucker,"Large Smoothies - Glowing Greens - 2.50, Large Speciality Tea - Earl Grey - 1.60",4.1,CASH,
13/06/2022 13:46,Longridge,Amy Lorentz,Regular Flavoured iced latte - Caramel - 2.75,2.75,CASH,
13/06/2022 13:47,Longridge,Raul Holquin,Regular Glass of milk - 0.70,0.7,CARD,2857057306462203
13/06/2022 13:48,Longridge,Eric Mclaughlin,Regular Frappes - Strawberries & Cream - 2.75,2.75,CARD,5837668539258148
13/06/2022 13:48,Longridge,Kim Lipp,"Regular Speciality Tea - Earl Grey - 1.30, Large Flavoured iced latte - Caramel - 3.25",4.55,CARD,2518745318484520
13/06/2022 13:49,Longridge,George Dawes,"Regular Mocha - 2.30, Regular Speciality Tea - Earl Grey - 1.30",3.6,CASH,
13/06/2022 13:50,Longridge,Samual Tipton,Large Smoothies - Glowing Greens - 2.50,2.5,CARD,1056994860792271
13/06/2022 13:51,Longridge,Glenn Bowles,"Regular Smoothies - Glowing Greens - 2.00, Regular Flavoured iced latte - Caramel - 2.75, Regular Glass of milk - 0.70",5.45,CARD,4049768994059899
13/06/2022 13:52,Longridge,Dennis Payne,"Regular Mocha - 2.30, Regular Smoothies - Glowing Greens - 2.00",4.3,CARD,5004718140128292
13/06/2022 13:53,Longridge,Maria Ortiz,"Large Smoothies - Glowing Greens - 2.50, Large Frappes - Strawberries & Cream - 3.25",5.75,CASH,
13/06/2022 13:54,Longridge,Katherine Reynolds,"Large Flavoured iced latte - Caramel - 3.25, Regular Flavoured iced latte - Caramel - 2.75, Regular Flavoured iced latte - Caramel - 2.75",8.75,CARD,5287717251816715
13/06/2022 13:55,Longridge,Lance May,Large Frappes - Strawberries & Cream - 3.25,3.25,CARD,4205293881918642
13/06/2022 13:56,Longridge,William Ivy,Large Frappes - Strawberries & Cream - 3.25,3.25,CARD,1197614313797287
13/06/2022 13:57,Longridge,Amanda Greene,"Regular Smoothies - Glowing Greens - 2.00, Regular Smoothies - Glowing Greens - 2.00, Large Frappes - Strawberries & Cream - 3.25, Regular Flavoured iced latte - Caramel - 2.75, Regular Mocha - 2.30",12.3,CARD,5072877770933121
13/06/2022 13:58,Longridge,Joyce Florio,Large Flavoured iced latte - Caramel - 3.25,3.25,CARD,1847081554030454
13/06/2022 13:59,Longridge,Virginia Duran,"Large Frappes - Strawberries & Cream - 3.25, Large Smoothies - Glowing Greens - 2.50, Large Speciality Tea - Earl Grey - 1.60",7.35,CARD,5399421291203977
13/06/2022 14:00,Longridge,Debbie Rodriguez,"Large Smoothies - Glowing Greens - 2.50, Large Mocha - 2.70, Large Glass of milk - 1.10",6.3,CARD,6834473431054977
13/06/2022 14:03,Longridge,Rene Hickman,"Large Speciality Tea - Earl Grey - 1.60, Large Glass of milk - 1.10, Large Mocha - 2.70",5.4,CARD,4052368085992364
13/06/2022 14:06,Longridge,Carlos Lewis,Large Flavoured iced latte - Caramel - 3.25,3.25,CARD,9380491344159354
13/06/2022 14:09,Longridge,Tonia Ochoa,"Regular Flavoured iced latte - Caramel - 2.75, Regular Smoothies - Glowing Greens - 2.00",4.75,CASH,
13/06/2022 14:12,Longridge,Mildred Pruitt,"Large Frappes - Strawberries & Cream - 3.25, Regular Flavoured iced latte - Caramel - 2.75, Regular Mocha - 2.30, Large Speciality Tea - Earl Grey - 1.60, Regular Frappes - Strawberries & Cream - 2.75",12.65,CARD,1662792541266622
13/06/2022 14:16,Longridge,Carol David,"Large Glass of milk - 1.10, Regular Smoothies - Glowing Greens - 2.00, Large Glass of milk - 1.10",4.2,CARD,1379720803650333
13/06/2022 14:19,Longridge,Michael Sanders,"Large Glass of milk - 1.10, Regular Flavoured iced latte - Caramel - 2.75, Regular Mocha - 2.30, Regular Frappes - Strawberries & Cream - 2.75, Large Flavoured iced latte - Caramel - 3.25, Large Speciality Tea - Earl Grey - 1.60",13.75,CASH,
13/06/2022 14:22,Longridge,James Goldwyn,"Regular Glass of milk - 0.70, Large Flavoured iced latte - Caramel - 3.25, Large Mocha - 2.70",6.65,CARD,3700832603160651
13/06/2022 14:25,Longridge,Arturo Simms,"Regular Mocha - 2.30, Large Flavoured iced latte - Caramel - 3.25, Regular Glass of milk - 0.70",6.25,CARD,3413939713653976
13/06/2022 14:28,Longridge,Sandra Smith,Regular Smoothies - Glowing Greens - 2.00,2.0,CARD,5980852984619037
13/06/2022 14:31,Longridge,Margery Breeden,"Large Flavoured iced latte - Caramel - 3.25, Regular Mocha - 2.30, Regular Frappes - Strawberries & Cream - 2.75, Large Glass of milk - 1.10, Large Frappes - Strawberries & Cream - 3.25",12.65,CARD,1458959402359549
13/06/2022 14:35,Longridge,Ray Sykes,"Large Frappes - Strawberries & Cream - 3.25, Large Flavoured iced latte - Caramel - 3.25, Regular Flavoured iced latte - Caramel - 2.75",9.25,CARD,3140566305919864
13/06/2022 14:38,Longridge,Virginia Parsons,"Large Frappes - Strawberries & Cream - 3.25, Regular Frappes - Strawberries & Cream - 2.75, Large Frappes - Strawberries & Cream - 3.25, Regular Speciality Tea - Earl Grey - 1.30",10.55,CARD,5149174839057761
13/06/2022 14:41,Longridge,Ken Farmer,"Regular Mocha - 2.30, Regular Smoothies - Glowing Greens - 2.00, Large Smoothies - Glowing Greens - 2.50",6.8,CARD,3121055906253010
13/06/2022 14:44,Longridge,Scott Zbinden,"Large Speciality Tea - Earl Grey - 1.60, Large Speciality Tea - Earl Grey - 1.60",3.2,CARD,5781152453615566
13/06/2022 14:47,Longridge,Virginia Daniel,"Regular Speciality Tea - Earl Grey - 1.30, Regular Frappes - Strawberries & Cream - 2.75",4.05,CARD,5017493770464090
13/06/2022 14:50,Longridge,Mary Nichols,"Large Flavoured iced latte - Caramel - 3.25, Regular Smoothies - Glowing Greens - 2.00, Large Glass of milk - 1.10",6.35,CASH,
13/06/2022 14:53,Longridge,Simon Caruthers,"Regular Mocha - 2.30, Large Flavoured iced latte - Caramel - 3.25",5.55,CARD,4633879055210615
13/06/2022 14:57,Longridge,Miguel Page,"Regular Flavoured iced latte - Caramel - 2.75, Large Frappes - Strawberries & Cream - 3.25",6.0,CASH,
13/06/2022 15:00,Longridge,Gary Watts,"Regular Speciality Tea - Earl Grey - 1.30, Large Speciality Tea - Earl Grey - 1.60, Large Mocha - 2.70",5.6,CARD,1051530289900017
13/06/2022 15:01,Longridge,Tomiko Smith,"Regular Flavoured iced latte - Caramel - 2.75, Regular Mocha - 2.30, Large Flavoured iced latte - Caramel - 3.25, Large Speciality Tea - Earl Grey - 1.60, Large Flavoured iced latte - Caramel - 3.25, Large Smoothies - Glowing Greens - 2.50",15.65,CARD,9540085555262745
13/06/2022 15:02,Longridge,Bobbie Harding,"Regular Flavoured iced latte - Caramel - 2.75, Large Flavoured iced latte - Caramel - 3.25, Large Glass of milk - 1.10",7.1,CASH,
13/06/2022 15:03,Longridge,Leona Kromer,Regular Glass of milk - 0.70,0.7,CARD,3218393970329219
13/06/2022 15:04,Longridge,Marcelina Foster,"Regular Smoothies - Glowing Greens - 2.00, Large Flavoured iced latte - Caramel - 3.25, Large Speciality Tea - Earl Grey - 1.60, Large Flavoured iced latte - Caramel - 3.25",10.1,CARD,9891254001592735
13/06/2022 15:05,Longridge,Louis Turzak,"Large Smoothies - Glowing Greens - 2.50, Large Flavoured iced latte - Caramel - 3.25, Regular Mocha - 2.30, Large Glass of milk - 1.10, Regular Flavoured iced latte - Caramel - 2.75",11.9,CASH,
13/06/2022 15:06,Longridge,Sara Jackson,Large Flavoured iced latte - Caramel - 3.25,3.25,CARD,7983172974294795
13/06/2022 15:07,Longridge,Gregory Long,"Regular Smoothies - Glowing Greens - 2.00, Large Speciality Tea - Earl Grey - 1.60, Regular Frappes - Strawberries & Cream - 2.75, Large Frappes - Strawberries & Cream - 3.25",9.6,CARD,2253409768786470
13/06/2022 15:08,Longridge,Jacqueline Toney,"Regular Flavoured iced latte - Caramel - 2.75, Large Frappes - Strawberries & Cream - 3.25",6.0,CARD,4031792541006128
13/06/2022 15:09,Longridge,Roberta Wright,"Large Mocha - 2.70, Regular Speciality Tea - Earl Grey - 1.30",4.0,CASH,
13/06/2022 15:10,Longridge,Janice Pike,"Large Glass of milk - 1.10, Regular Smoothies - Glowing Greens - 2.00",3.1,CASH,
13/06/2022 15:11,Longridge,Janice Reader,"Regular Speciality Tea - Earl Grey - 1.30, Large Mocha - 2.70",4.0,CARD,1317571556322106
13/06/2022 15:12,Longridge,Anna Herrmann,"Large Smoothies - Glowing Greens - 2.50, Large Frappes - Strawberries & Cream - 3.25, Large Glass of milk - 1.10, Regular Mocha - 2.30",9.15,CARD,7526650413274607
13/06/2022 15:13,Longridge,Anthony Jarecki,Large Speciality Tea - Earl Grey - 1.60,1.6,CARD,9129785859587957
13/06/2022 15:14,Longridge,Dorothy Gallegos,"Large Smoothies - Glowing Greens - 2.50, Large Flavoured iced latte - Caramel - 3.25, Regular Glass of milk - 0.70, Large Glass of milk - 1.10, Regular Glass of milk - 0.70",8.25,CARD,6168027759639911
13/06/2022 15:15,Longridge,Patricia Wolf,"Large Glass of milk - 1.10, Large Flavoured iced latte - Caramel - 3.25, Regular Flavoured iced latte - Caramel - 2.75, Large Frappes - Strawberries & Cream - 3.25",10.35,CARD,6290158787119600
13/06/2022 15:16,Longridge,Latoya Haws,"Large Speciality Tea - Earl Grey - 1.60, Large Speciality Tea - Earl Grey - 1.60, Large Speciality Tea - Earl Grey - 1.60, Large Frappes - Strawberries & Cream - 3.25",8.05,CASH,
13/06/2022 15:17,Longridge,Richard Marriot,"Regular Mocha - 2.30, Regular Flavoured iced latte - Caramel - 2.75, Large Flavoured iced latte - Caramel - 3.25",8.3,CASH,
13/06/2022 15:18,Longridge,Arleen Gutierrez,"Regular Flavoured iced latte - Caramel - 2.75, Regular Smoothies - Glowing Greens - 2.00, Regular Smoothies - Glowing Greens - 2.00",6.75,CARD,9821195656512639
13/06/2022 15:19,Longridge,Eric Metz,Large Smoothies - Glowing Greens - 2.50,2.5,CARD,4070151384744152
13/06/2022 15:20,Longridge,Maria Brown,"Regular Glass of milk - 0.70, Large Flavoured iced latte - Caramel - 3.25, Large Flavoured iced latte - Caramel - 3.25, Regular Flavoured iced latte - Caramel - 2.75, Regular Smoothies - Glowing Greens - 2.00, Regular Flavoured iced latte - Caramel - 2.75",14.7,CASH,
13/06/2022 15:21,Longridge,Iris Calligan,"Large Speciality Tea - Earl Grey - 1.60, Large Frappes - Strawberries & Cream - 3.25",4.85,CASH,
13/06/2022 15:22,Longridge,Lauri Davis,"Large Frappes - Strawberries & Cream - 3.25, Large Glass of milk - 1.10, Regular Mocha - 2.30",6.65,CARD,8836081989396576
13/06/2022 15:23,Longridge,Dale Hogan,"Regular Frappes - Strawberries & Cream - 2.75, Large Mocha - 2.70, Regular Frappes - Strawberries & Cream - 2.75",8.2,CASH,
13/06/2022 15:25,Longridge,Jacob Smitherman,"Large Speciality Tea - Earl Grey - 1.60, Large Mocha - 2.70",4.3,CARD,9128024853931497
13/06/2022 15:26,Longridge,Marshall Chandler,"Regular Speciality Tea - Earl Grey - 1.30, Regular Speciality Tea - Earl Grey - 1.30, Regular Frappes - Strawberries & Cream - 2.75, Regular Frappes - Strawberries & Cream - 2.75",8.1,CARD,3561726418155160
13/06/2022 15:27,Longridge,Samuel Chol,"Large Speciality Tea - Earl Grey - 1.60, Large Smoothies - Glowing Greens - 2.50, Regular Glass of milk - 0.70",4.8,CARD,2165234693857208
13/06/2022 15:28,Longridge,Cory Musgrave,Large Mocha - 2.70,2.7,CARD,5153601062378651
13/06/2022 15:29,Longridge,Tiffaney Weiss,Regular Mocha - 2.30,2.3,CARD,3502042871442705
13/06/2022 15:30,Longridge,Consuelo Reid,Regular Smoothies - Glowing Greens - 2.00,2.0,CARD,3464443427328314
13/06/2022 15:31,Longridge,Hans Meade,"Large Mocha - 2.70, Regular Mocha - 2.30, Regular Mocha - 2.30, Regular Speciality Tea - Earl Grey - 1.30, Regular Mocha - 2.30, Regular Glass of milk - 0.70",11.6,CASH,
13/06/2022 15:32,Longridge,Christina Farver,Large Mocha - 2.70,2.7,CARD,4291676602672090
13/06/2022 15:33,Longridge,Donna Lynch,"Large Flavoured iced latte - Caramel - 3.25, Large Speciality Tea - Earl Grey - 1.60",4.85,CARD,4967376695115946
13/06/2022 15:34,Longridge,Luther May,Large Smoothies - Glowing Greens - 2.50,2.5,CARD,7114940895884609
13/06/2022 15:35,Longridge,Carol Mcguinness,"Regular Speciality Tea - Earl Grey - 1.30, Regular Speciality Tea - Earl Grey - 1.30",2.6,CARD,3943969429433242
13/06/2022 15:36,Longridge,Mayra Strader,Large Speciality Tea - Earl Grey - 1.60,1.6,CARD,1954264747488954
13/06/2022 15:37,Longridge,Lawrence Redd,"Regular Glass of milk - 0.70, Large Mocha - 2.70, Large Flavoured iced latte - Caramel - 3.25",6.65,CARD,3451331750021894
13/06/2022 15:38,Longridge,Everett Dubois,"Regular Mocha - 2.30, Regular Smoothies - Glowing Greens - 2.00, Regular Smoothies - Glowing Greens - 2.00",6.3,CARD,1761825135815695
13/06/2022 15:39,Longridge,Johnathan Mcelroy,"Large Flavoured iced latte - Caramel - 3.25, Large Flavoured iced latte - Caramel - 3.25, Regular Speciality Tea - Earl Grey - 1.30, Large Speciality Tea - Earl Grey - 1.60",9.4,CASH,
13/06/2022 15:40,Longridge,Kathryn Johnson,"Regular Flavoured iced latte - Caramel - 2.75, Regular Speciality Tea - Earl Grey - 1.30, Large Speciality Tea - Earl Grey - 1.60, Regular Smoothies - Glowing Greens - 2.00, Large Frappes - Strawberries & Cream - 3.25",10.9,CARD,8872534358357798
13/06/2022 15:41,Longridge,Gerry Slaney,"Regular Glass of milk - 0.70, Regular Frappes - Strawberries & Cream - 2.75, Regular Smoothies - Glowing Greens - 2.00",5.45,CASH,
13/06/2022 15:42,Longridge,Amanda Morales,"Regular Speciality Tea - Earl Grey - 1.30, Large Glass of milk - 1.10",2.4,CASH,
13/06/2022 15:43,Longridge,Rene Magana,Regular Smoothies - Glowing Greens - 2.00,2.0,CARD,3113576020924602
13/06/2022 15:44,Longridge,Joseph Hudson,"Regular Mocha - 2.30, Regular Mocha - 2.30",4.6,CARD,9654237077792781
13/06/2022 15:45,Longridge,Kenneth Williams,"Regular Mocha - 2.30, Large Flavoured iced latte - Caramel - 3.25, Large Frappes - Strawberries & Cream - 3.25, Regular Mocha - 2.30, Large Mocha - 2.70",13.8,CARD,3816527072564928
13/06/2022 15:46,Longridge,Mary Corrigan,Large Flavoured iced latte - Caramel - 3.25,3.25,CARD,4004342375836941
13/06/2022 15:47,Longridge,David Hensley,"Regular Speciality Tea - Earl Grey - 1.30, Large Smoothies - Glowing Greens - 2.50, Large Mocha - 2.70",6.5,CARD,9621123033403083
13/06/2022 15:48,Longridge,John Townes,"Large Frappes - Strawberries & Cream - 3.25, Regular Mocha - 2.30, Large Speciality Tea - Earl Grey - 1.60, Large Mocha - 2.70",9.85,CARD,5352643756519784
13/06/2022 15:49,Longridge,Freida Dugan,"Regular Smoothies - Glowing Greens - 2.00, Large Speciality Tea - Earl Grey - 1.60, Regular Frappes - Strawberries & Cream - 2.75",6.35,CARD,3531835263757331
13/06/2022 15:50,Longridge,Timothy Jefferson,Large Glass of milk - 1.10,1.1,CARD,8707315977265119
13/06/2022 15:51,Longridge,William Santee,"Regular Mocha - 2.30, Regular Mocha - 2.30, Large Flavoured iced latte - Caramel - 3.25, Large Flavoured iced latte - Caramel - 3.25",11.1,CASH,
13/06/2022 15:52,Longridge,Eric Adams,"Regular Glass of milk - 0.70, Regular Flavoured iced latte - Caramel - 2.75, Large Frappes - Strawberries & Cream - 3.25",6.7,CARD,8831072063997655
13/06/2022 15:53,Longridge,Winfred Saska,"Large Glass of milk - 1.10, Large Mocha - 2.70, Large Mocha - 2.70, Large Smoothies - Glowing Greens - 2.50, Regular Smoothies - Glowing Greens - 2.00",11.0,CARD,7398539522064399
13/06/2022 15:54,Longridge,Richard Clark,"Regular Frappes - Strawberries & Cream - 2.75, Large Flavoured iced latte - Caramel - 3.25",6.0,CARD,6101103972541306
13/06/2022 15:56,Longridge,Glenda Smalls,"Large Frappes - Strawberries & Cream - 3.25, Regular Flavoured iced latte - Caramel - 2.75, Large Mocha - 2.70",8.7,CARD,3813342552070809
13/06/2022 15:57,Longridge,Bertha Bailey,"Regular Smoothies - Glowing Greens - 2.00, Large Speciality Tea - Earl Grey - 1.60, Large Speciality Tea - Earl Grey - 1.60",5.2,CARD,2890983536146018
13/06/2022 15:58,Longridge,Carl Longbrake,Regular Mocha - 2.30,2.3,CARD,4533058298672056
13/06/2022 15:59,Longridge,Bruce Kallin,Regular Glass of milk - 0.70,0.7,CARD,4521777418739619
13/06/2022 16:00,Longridge,Billy Haak,"Large Mocha - 2.70, Regular Flavoured iced latte - Caramel - 2.75",5.45,CARD,1182432884246016
13/06/2022 16:02,Longridge,Marjorie Booher,Regular Smoothies - Glowing Greens - 2.00,2.0,CASH,
13/06/2022 16:04,Longridge,Richard Martin,Large Mocha - 2.70,2.7,CARD,3017327084071908
13/06/2022 16:06,Longridge,John Gates,"Regular Flavoured iced latte - Caramel - 2.75, Large Smoothies - Glowing Greens - 2.50",5.25,CARD,9877675745745015
13/06/2022 16:08,Longridge,James Newman,"Regular Speciality Tea - Earl Grey - 1.30, Large Mocha - 2.70, Large Glass of milk - 1.10",5.1,CARD,5355516861376525
13/06/2022 16:10,Longridge,Sarah Keller,"Large Frappes - Strawberries & Cream - 3.25, Large Glass of milk - 1.10",4.35,CARD,8446965866110186
13/06/2022 16:12,Longridge,Gary Rodriguez,"Large Mocha - 2.70, Large Speciality Tea - Earl Grey - 1.60",4.3,CARD,7117653646302696
13/06/2022 16:14,Longridge,Mark Buchanan,"Regular Frappes - Strawberries & Cream - 2.75, Large Glass of milk - 1.10, Regular Mocha - 2.30",6.15,CARD,7955758554374611
13/06/2022 16:16,Longridge,Daniel Gonzalez,"Large Speciality Tea - Earl Grey - 1.60, Regular Frappes - Strawberries & Cream - 2.75, Large Mocha - 2.70, Large Glass of milk - 1.10",8.15,CASH,
13/06/2022 16:18,Longridge,Marie Jack,Large Frappes - Strawberries & Cream - 3.25,3.25,CARD,6231937704184776
13/06/2022 16:20,Longridge,Harvey Daniels,Regular Flavoured iced latte - Caramel - 2.75,2.75,CARD,6038826647448631
13/06/2022 16:22,Longridge,Susan Moore,"Regular Flavoured iced latte - Caramel - 2.75, Large Speciality Tea - Earl Grey - 1.60, Large Glass of milk - 1.10, Regular Speciality Tea - Earl Grey - 1.30",6.75,CARD,2007732675181423
13/06/2022 16:24,Longridge,David Tolentino,"Large Mocha - 2.70, Regular Speciality Tea - Earl Grey - 1.30",4.0,CARD,4000630902325154
13/06/2022 16:26,Longridge,James Perkins,"Regular Frappes - Strawberries & Cream - 2.75, Regular Flavoured iced latte - Caramel - 2.75, Large Mocha - 2.70, Large Flavoured iced latte - Caramel - 3.25, Regular Smoothies - Glowing Greens - 2.00",13.45,CASH,
13/06/2022 16:28,Longridge,Marcus Johnson,"Regular Mocha - 2.30, Regular Smoothies - Glowing Greens - 2.00, Regular Glass of milk - 0.70, Regular Frappes - Strawberries & Cream - 2.75, Large Smoothies - Glowing Greens - 2.50",10.25,CARD,4730198333215522
13/06/2022 16:30,Longridge,James Adams,"Large Frappes - Strawberries & Cream - 3.25, Regular Glass of milk - 0.70, Large Mocha - 2.70, Regular Glass of milk - 0.70",7.35,CARD,9805888620634638
13/06/2022 16:32,Longridge,Terri Hunt,"Large Frappes - Strawberries & Cream - 3.25, Regular Glass of milk - 0.70, Regular Speciality Tea - Earl Grey - 1.30",5.25,CARD,3531259508742413
13/06/2022 16:34,Longridge,Gerald Thibodeaux,Regular Mocha - 2.30,2.3,CARD,6451029927365882
13/06/2022 16:36,Longridge,Cameron Tuitt,"Regular Glass of milk - 0.70, Regular Frappes - Strawberries & Cream - 2.75, Regular Mocha - 2.30, Large Mocha - 2.70, Large Mocha - 2.70",11.15,CARD,1103794553819341
13/06/2022 16:38,Longridge,Kimberley Porter,"Large Mocha - 2.70, Large Speciality Tea - Earl Grey - 1.60, Regular Flavoured iced latte - Caramel - 2.75",7.05,CARD,2447950432158942
13/06/2022 16:40,Longridge,James Waddell,"Regular Smoothies - Glowing Greens - 2.00, Regular Mocha - 2.30, Large Speciality Tea - Earl Grey - 1.60, Regular Speciality Tea - Earl Grey - 1.30",7.2,CARD,3983577673038284
13/06/2022 16:42,Longridge,Denise Carpenter,Regular Smoothies - Glowing Greens - 2.00,2.0,CARD,5400466184427078
13/06/2022 16:44,Longridge,Anna Carpenter,"Regular Frappes - Strawberries & Cream - 2.75, Regular Flavoured iced latte - Caramel - 2.75, Large Frappes - Strawberries & Cream - 3.25",8.75,CARD,7151793235521962
13/06/2022 16:46,Longridge,Kelly Cummings,"Large Mocha - 2.70, Regular Smoothies - Glowing Greens - 2.00, Regular Frappes - Strawberries & Cream - 2.75",7.45,CASH,
13/06/2022 16:48,Longridge,Gia Erickson,"Large Frappes - Strawberries & Cream - 3.25, Large Speciality Tea - Earl Grey - 1.60",4.85,CARD,8272219342223823
13/06/2022 16:50,Longridge,Elizabeth Jackson,"Regular Flavoured iced latte - Caramel - 2.75, Large Glass of milk - 1.10, Large Frappes - Strawberries & Cream - 3.25, Regular Mocha - 2.30, Large Glass of milk - 1.10",10.5,CARD,3820092829217461
13/06/2022 16:52,Longridge,Erin Coore,"Regular Mocha - 2.30, Large Frappes - Strawberries & Cream - 3.25, Regular Glass of milk - 0.70, Large Mocha - 2.70",8.95,CARD,6598825735083833
13/06/2022 16:54,Longridge,Kelsey Carter,Large Frappes - Strawberries & Cream - 3.25,3.25,CASH,
13/06/2022 16:56,Longridge,Brandon Whitfield,"Large Flavoured iced latte - Caramel - 3.25, Regular Frappes - Strawberries & Cream - 2.75",6.0,CARD,9258598279877338
13/06/2022 16:58,Longridge,Barbara Stephenson,"Large Glass of milk - 1.10, Large Mocha - 2.70, Large Smoothies - Glowing Greens - 2.50",6.3,CARD,5008557350020242
